"attributes.acceleration","attributes.sprintspeed","attributes.agility","attributes.balance","attributes.jumping","attributes.stamina","attributes.strength","attributes.reactions","attributes.aggression","attributes.composure","attributes.interceptions","attributes.positioning","attributes.vision","attributes.ballcontrol","attributes.crossing","attributes.dribbling","attributes.finishing","attributes.freekickaccuracy","attributes.headingaccuracy","attributes.longpassing","attributes.shortpassing","attributes.marking","attributes.shotpower","attributes.longshots","attributes.standingtackle","attributes.slidingtackle","attributes.volleys","attributes.curve","attributes.penalties","attributes.gkdiving","attributes.gkhandling","attributes.gkkicking","attributes.gkreflexes","attributes.gkpositioning","stats.attack","stats.defending","stats.skill","stats.power","stats.movement","stats.mentality","stats.goalkeeper","info.contract.jointeamdate","info.contract.enddate","info.contract.isloanedout","info.nation.id","info.nation.name","info.name.firstname","info.name.lastname","info.name.playerjerseyname","info.name.knownas","info.name.firstnameid","info.name.lastnameid","info.name.playerjerseynameid","info.playerid","info.total_attributes","info.overallrating","info.potential","info.birthdate","info.age","info.teams.club_team.id","info.teams.club_team.name","info.teams.club_team.leagueid","info.teams.club_team.domesticprestige","info.teams.club_team.profitability","info.teams.club_team.slug","info.teams.club_team.jerseynumber","info.league","info.headshot","info.haircolor","info.eyecolor","info.skintone","info.headtype","info.bodytype","info.preferredfoot","info.skillmoves","info.weafoot","info.internationalrep","info.ovrmodifier","info.release_clause","info.height","info.weight","info.gender","info.defensiveworkrate","info.attackingworkrate","info.real_face","info.isretiring","info.valueUSD","info.valueEUR","info.valueGBP","info.wageUSD","info.wageEUR","info.wageGBP","info.traits.trait1","info.traits.trait2","card_attrs.pac","card_attrs.sho","card_attrs.pas","card_attrs.dri","card_attrs.def","card_attrs.phy","primary_position","other_positions","updated","added","removed","slug","real_ovrs.0","real_ovrs.1","real_ovrs.2","real_ovrs.3","real_ovrs.4","real_ovrs.5","real_ovrs.6","real_ovrs.7","real_ovrs.8","real_ovrs.9","real_ovrs.10"
53,60,62,55,77,68,84,83,65,87,50,85,77,82,67,77,84,54,86,75,79,39,85,77,28,16,84,67,67,9,11,13,15,15,"80","28","71","79","63","72","13","2023-07-01","2025-06-01",0,8,"Bosnia and Herzegovina","Edin","Džeko","Džeko","Edin Džeko",10498,10306,10306,180930,2036,82,82,"1986-03-17T00:00:00.000Z",38,326,"Fenerbahçe",68,10,4,"fenerbahce",9,68,"https://cmtracker.fra1.cdn.digitaloceanspaces.com/DB/25/heads/p180930.png",5,5,2,21,4,"Right",3,5,3,1,,193,80,"Male",,,"Yes","No",11500000,10500000,9000000,63000,58000,49500,"Finesse Shot, Incisive Pass, Technical","Career Team Player, Career Leadership","57","80","70","74","44","74","ST","-",true,false,false,"edin-dzeko",20,57,54,54,61,75,74,77,78,75,80
80,83,73,77,86,69,73,82,73,76,40,86,71,79,55,78,80,58,80,57,78,34,85,78,33,32,80,70,88,6,8,15,6,12,"75","33","69","79","79","73","10","2024-07-12","2026-06-01",0,27,"Italy","Ciro","Immobile","Immobile","Ciro Immobile",7524,16600,16600,192387,2081,82,82,"1990-02-20T00:00:00.000Z",34,327,"Beşiktaş",68,9,4,"besiktas",17,68,"https://cmtracker.fra1.cdn.digitaloceanspaces.com/DB/25/heads/p192387.png",2,1,2,2517,305,"Right",3,4,3,1,30400000,185,85,"Male",,,"Yes","No",16000000,15000000,12500000,83000,76000,64000,"Finesse Shot, Power Shot, Press Proven","Career Team Player","82","83","65","78","44","75","ST","-",true,false,false,"ciro-immobile",16,58,56,54,58,75,70,77,79,77,80
65,85,43,33,88,74,89,81,83,75,81,50,64,70,50,69,43,39,81,64,71,82,67,38,83,81,48,53,50,7,11,7,5,13,"59","82","59","72","62","68","9","2023-07-01","2026-06-01",0,136,"Senegal","Kalidou","Koulibaly","Koulibaly","Kalidou Koulibaly",19054,20521,20521,201024,1943,82,82,"1991-06-20T00:00:00.000Z",33,605,"Al Hilal",350,10,1,"al-hilal",3,350,"https://cmtracker.fra1.cdn.digitaloceanspaces.com/DB/25/heads/p201024.png",0,9,10,3002,336,"Right",3,4,3,0,,186,89,"Male",,,"Yes","No",16000000,14500000,12500000,61000,56000,47500,"Power Header, Block, Anticipate, Bruiser","","75","49","57","62","82","84","CB","-",true,false,false,"kalidou-koulibaly",16,74,75,81,76,65,67,63,64,62,64
81,75,85,58,81,73,75,80,72,77,41,84,78,86,78,82,85,88,80,79,80,38,88,88,45,38,84,89,80,13,11,13,10,12,"82","41","85","81","76","72","12","2025-01-27","2026-06-01",0,54,"Brazil","Anderson","Souza Conceição","A. Talisca","Anderson Talisca",2015,35440,102,212523,2227,82,82,"1994-02-01T00:00:00.000Z",30,326,"Fenerbahçe",68,10,4,"fenerbahce",94,68,"https://cmtracker.fra1.cdn.digitaloceanspaces.com/DB/25/heads/p212523.png",4,3,8,1005,4,"Left",4,4,3,0,,191,75,"Male",,,"No","No",32000000,29500000,25000000,77000,71000,60000,"Finesse Shot, Power Header, Trivela, Acrobatic","","78","85","82","78","48","75","CAM","ST | RW",true,false,false,"anderson-souza-conceicao",19,64,61,58,63,80,77,81,82,81,82
55,61,52,54,89,71,91,83,91,75,14,88,72,80,45,70,87,52,92,55,72,25,86,70,24,13,82,51,71,15,12,6,13,7,"76","21","62","82","61","69","11","2023-08-19","2026-06-01",0,51,"Serbia","Aleksandar","Mitrović","Mitrović","Aleksandar Mitrović",1445,25902,25902,215716,1924,82,82,"1994-09-16T00:00:00.000Z",29,605,"Al Hilal",350,10,1,"al-hilal",9,350,"https://cmtracker.fra1.cdn.digitaloceanspaces.com/DB/25/heads/p215716.png",0,9,2,604,6,"Right",3,4,3,0,,189,90,"Male",,,"Yes","No",33000000,30500000,26000000,69000,63000,54000,"Power Shot, Power Header, Aerial","Career Team Player","58","81","58","69","34","86","ST","-",true,false,false,"aleksandar-mitrovic",19,48,45,50,52,70,67,73,77,71,81
72,81,57,55,92,84,90,82,74,82,36,83,73,82,66,75,85,60,82,59,76,39,83,76,23,21,78,74,70,15,12,8,8,15,"78","28","70","85","70","70","12","2024-08-03","2028-06-01",0,36,"Norway","Alexander","Sørloth","Sørloth","Alexander Sørloth",1487,36241,36241,216549,2068,82,82,"1995-12-05T00:00:00.000Z",28,240,"Atlético de Madrid",53,9,4,"atletico-de-madrid",9,53,"https://cmtracker.fra1.cdn.digitaloceanspaces.com/DB/25/heads/p216549.png",19,2,1,5,5,"Left",3,4,3,0,,195,94,"Male",,,"Yes","No",34000000,31000000,26500000,97000,89000,75000,"Power Shot, Power Header, Flair, Aerial","","77","79","68","72","40","85","ST","-",true,false,false,"alexander-sorloth",19,58,55,54,58,76,71,76,79,77,81
92,85,90,92,83,88,72,80,53,77,26,83,80,84,78,84,78,78,67,75,82,51,82,80,45,27,75,82,70,8,14,15,9,7,"76","41","81","81","88","65","11","2023-07-26","2027-06-01",0,54,"Brazil","Malcom Filipe","Silva de Oliveira","Malcom","Malcom",23709,34829,23707,222737,2192,82,82,"1997-02-26T00:00:00.000Z",27,605,"Al Hilal",350,10,1,"al-hilal",77,350,"https://cmtracker.fra1.cdn.digitaloceanspaces.com/DB/25/heads/p222737.png",0,9,7,563,3,"Left",4,3,3,0,,172,74,"Male",,,"No","No",35500000,32500000,27500000,62000,57000,48500,"Incisive Pass, Rapid, Flair, Relentless","Career Solid Player","89","78","79","85","43","74","CAM","RM",true,false,false,"malcom-filipe-silva-de-oliveira",17,64,61,54,61,82,76,82,82,82,79
82,70,71,77,83,79,65,83,74,73,79,70,59,84,79,78,50,83,77,75,79,81,68,70,80,79,38,70,39,12,7,10,12,11,"65","80","78","73","77","66","11","2019-07-01","2026-06-01",0,21,"Germany","Carolin","Simon","Simon","Carolin Simon",6533,34874,34874,239344,2147,81,81,"1992-11-24T00:00:00.000Z",31,115995,"Bayern München",2215,10,1,"bayern-munchen",30,2215,"https://cmtracker.fra1.cdn.digitaloceanspaces.com/DB/25/heads/p239344.png",15,8,4,9001,2,"Left",4,4,3,2,,173,66,"Female",,,"Yes","No",20500000,18500000,16000000,4700,4300,3700,"Dead Ball, Whipped Pass, Bruiser, Trivela, Long Throw","","76","56","74","78","79","75","LB","-",true,false,false,"carolin-simon",18,79,79,77,78,75,75,73,72,73,69
82,83,83,72,63,77,53,78,63,78,39,80,80,80,80,80,74,76,45,77,80,60,78,77,39,37,72,80,81,9,7,15,12,6,"71","46","79","70","80","71","10","2023-01-17","2027-06-01",0,49,"Ukraine","Viktor","Tsygankov","Tsygankov","Viktor Tsygankov",38806,37773,37773,244369,2096,81,81,"1997-11-15T00:00:00.000Z",26,110062,"Girona FC",53,1,2,"girona-fc",8,53,"https://cmtracker.fra1.cdn.digitaloceanspaces.com/DB/25/heads/p244369.png",12,5,1,1,1,"Left",4,4,3,1,100000000,178,73,"Male",,,"Yes","No",30500000,28000000,24000000,45000,41500,35000,"Technical, Flair, Quick Step","Career Team Player, Career Injury Prone","83","77","79","79","44","64","RM","RW | CAM",true,false,false,"viktor-tsygankov",16,65,61,52,62,79,74,79,78,79,73
72,73,80,83,67,75,57,80,48,64,58,80,83,86,77,84,76,81,58,77,84,62,73,76,72,55,75,68,70,12,5,13,6,9,"74","63","80","70","78","68","9","2024-01-24","2025-06-01",0,167,"Korea Republic","So Yun","Ji","Ji","Ji So Yun",35144,17895,17895,266549,2139,81,81,"1991-02-21T00:00:00.000Z",33,116300,"Seattle Reign FC",2221,8,5,"seattle-reign-fc",91,2221,"https://cmtracker.fra1.cdn.digitaloceanspaces.com/DB/25/heads/p266549.png",0,9,2,6016,8,"Right",5,3,3,0,,161,52,"Female",,,"Yes","No",17500000,16000000,13500000,11500,10500,8900,"Tiki Taka, First Touch","","73","75","78","80","61","62","CAM","CDM",true,false,false,"so-yun-ji",16,72,69,63,71,80,79,81,79,80,75
84,87,66,69,87,75,80,81,84,75,78,68,69,80,77,78,51,71,72,79,80,75,87,69,82,81,57,76,63,12,6,16,8,15,"68","80","77","80","78","73","12","2017-07-14","2025-06-30",1,14,"England","Kyle","Walker","Walker","Kyle Walker",20956,39301,39301,188377,2238,82,82,"1990-05-28T00:00:00.000Z",34,10,"Manchester City",13,10,1,"manchester-city",32,31,"https://cmtracker.fra1.cdn.digitaloceanspaces.com/DB/25/heads/p188377.png",6,4,5,1521,317,"Right",3,2,3,2,,183,83,"Male",,,"Yes","No",12000000,11000000,9500000,155000,140000,120000,"Power Shot, Long Throw","","86","66","75","75","78","82","RB","-",false,false,false,"kyle-walker",18,79,79,79,78,76,76,74,74,74,72
80,87,70,67,83,62,70,83,43,79,44,88,71,82,72,78,85,76,76,64,74,20,82,79,29,36,80,80,81,6,9,15,9,9,"78","29","76","76","78","68","10","2024-07-18","2026-06-01",0,115,"Gabon","Pierre-Emerick","Aubameyang","Aubameyang","Pierre-Emerick Aubameyang",30142,2969,2969,188567,2069,82,82,"1989-06-18T00:00:00.000Z",35,112391,"Al Qadsiah",350,5,4,"al-qadsiah",10,350,"https://cmtracker.fra1.cdn.digitaloceanspaces.com/DB/25/heads/p188567.png",0,9,5,1004,253,"Right",4,4,3,0,,187,80,"Male",,,"Yes","No",14000000,13000000,11000000,37000,34000,29000,"Finesse Shot, Chip Shot, Rapid, Flair, Trivela","Career Solid Player","84","83","73","77","41","65","ST","-",false,false,false,"pierre-emerick-aubameyang",16,59,57,50,55,77,71,78,80,79,81
43,50,42,37,69,45,75,82,30,65,22,12,48,24,13,10,13,12,11,14,25,15,56,13,14,10,12,14,17,82,80,74,84,78,"15","13","15","52","51","33","80","2019-08-07","2026-06-01",0,21,"Germany","Kevin","Trapp","Trapp","Kevin Trapp",19738,37605,37605,188943,1291,82,82,"1990-07-08T00:00:00.000Z",33,1824,"Eintracht Frankfurt",19,7,8,"eintracht-frankfurt",1,19,"https://cmtracker.fra1.cdn.digitaloceanspaces.com/DB/25/heads/p188943.png",6,5,2,2512,5,"Right",1,4,3,1,17800000,189,84,"Male",,,"Yes","No",11000000,10000000,8500000,37000,34000,29000,"Far Throw, Footwork","Career Leadership","47","21","21","43","14","55","GK","-",false,false,false,"kevin-trapp",80,28,27,28,28,28,28,29,29,27,30
53,51,60,74,66,69,68,75,65,85,79,77,90,85,86,77,78,90,63,85,87,76,80,85,74,73,72,88,86,5,9,12,8,14,"78","75","85","74","63","81","10","2020-08-12","2026-06-01",0,45,"Spain","Daniel","Parejo Muñoz","Parejo","Parejo",8625,29379,29378,189513,2245,82,82,"1989-04-16T00:00:00.000Z",35,483,"Villarreal CF",53,8,5,"villarreal-cf",10,53,"https://cmtracker.fra1.cdn.digitaloceanspaces.com/DB/25/heads/p189513.png",21,3,4,1533,2,"Right",3,4,3,0,,182,74,"Male",,,"Yes","No",13500000,12000000,10500000,44500,41000,35000,"Pinged Pass, Long Ball Pass, Press Proven","Career Leadership","52","80","88","76","73","67","CM","CDM",false,false,false,"daniel-parejo-munoz",16,75,73,72,78,77,82,80,77,77,74
44,46,50,43,69,44,72,79,33,40,16,15,42,23,15,14,15,13,14,37,35,11,56,18,19,17,13,20,20,82,79,74,85,83,"19","16","22","52","53","28","81","2024-07-18","2027-06-01",0,7,"Belgium","Koen","Casteels","Casteels","Koen Casteels",20265,6656,6656,192984,1336,82,82,"1992-06-25T00:00:00.000Z",32,112391,"Al Qadsiah",350,5,4,"al-qadsiah",1,350,"https://cmtracker.fra1.cdn.digitaloceanspaces.com/DB/25/heads/p192984.png",3,10,3,529,5,"Left",1,2,3,1,,197,86,"Male",,,"Yes","No",16500000,15000000,13000000,28000,25500,22000,"","Rush Out","45","23","27","42","15","55","GK","-",false,false,false,"koen-casteels",81,29,28,29,31,30,33,31,30,28,31
68,60,70,81,73,83,75,80,78,84,80,76,83,82,85,77,69,77,61,82,84,78,82,75,79,70,57,84,67,14,12,5,13,10,"72","76","81","78","72","78","11","2011-01-01","2025-06-01",0,45,"Spain","Jorge","Resurrección","Koke","Koke",18286,31798,20294,193747,2254,82,82,"1992-01-08T00:00:00.000Z",32,240,"Atlético de Madrid",53,9,4,"atletico-de-madrid",6,53,"https://cmtracker.fra1.cdn.digitaloceanspaces.com/DB/25/heads/p193747.png",3,3,4,3518,2,"Right",3,4,3,1,,176,75,"Male",,,"Yes","No",26000000,24000000,20500000,89000,82000,70000,"Long Ball Pass, Relentless","Career Team Player, Career Leadership","64","71","83","79","74","77","CM","CDM",false,false,false,"jorge-resurreccion",19,78,76,75,80,78,80,78,76,76,73
67,67,72,82,77,81,80,80,67,86,41,83,89,84,86,82,80,78,66,83,88,51,77,77,34,26,80,85,75,11,11,14,16,9,"80","37","83","79","74","74","13","2023-07-16","2025-06-01",0,51,"Serbia","Dušan","Tadić","Tadić","Dušan Tadić",10111,36329,36329,199434,2185,82,82,"1988-11-20T00:00:00.000Z",35,326,"Fenerbahçe",68,10,4,"fenerbahce",10,68,"https://cmtracker.fra1.cdn.digitaloceanspaces.com/DB/25/heads/p199434.png",3,3,4,29,252,"Left",4,3,3,0,,181,76,"Male",,,"Yes","No",13500000,12500000,10500000,58000,54000,45500,"Chip Shot, Whipped Pass, Flair, First Touch, Press Proven, Trivela","Career Solid Player, Career Leadership","67","79","85","81","44","76","CAM","LW | RW",false,false,false,"dusan-tadic",19,64,59,55,65,81,79,82,80,80,78
69,77,65,76,84,79,79,81,80,75,82,37,53,79,70,64,32,37,79,67,82,82,54,28,83,81,38,55,45,12,7,10,7,15,"61","82","61","65","74","62","11","2024-07-18","2026-06-01",0,45,"Spain","José Ignacio","Fernández Iglesias","Nacho","Nacho Fernández",18398,12040,26929,200724,1964,82,82,"1990-01-18T00:00:00.000Z",34,112391,"Al Qadsiah",350,5,4,"al-qadsiah",6,350,"https://cmtracker.fra1.cdn.digitaloceanspaces.com/DB/25/heads/p200724.png",3,5,3,43,2,"Right",2,4,3,1,,180,76,"Male",,,"Yes","No",11000000,10000000,8500000,43000,39000,33500,"Block, Intercept, Aerial","Career Team Player","73","39","61","73","81","81","CB","LB | RB",false,false,false,"jose-ignacio-fernandez-iglesias",18,78,79,81,78,66,68,63,60,62,58
78,80,79,82,83,75,83,83,72,80,28,84,84,85,80,84,83,82,67,74,80,23,86,84,31,20,79,84,76,8,14,6,10,12,"78","25","82","83","81","71","10","2024-09-09","2026-06-01",0,34,"Holland","Memphis","Depay","Memphis","Memphis Depay",25236,9199,25236,202556,2159,82,82,"1994-02-13T00:00:00.000Z",30,111592,"NG - FA",382,5,5,"ng-fa",99,382,"https://cmtracker.fra1.cdn.digitaloceanspaces.com/DB/25/heads/p202556.png",0,9,6,1005,401,"Right",5,3,3,0,66600000,178,78,"Male",,,"Yes","No",32500000,30000000,25500000,33000,30500,26000,"Technical, Flair, First Touch, Trivela","Career Injury Prone","79","82","81","82","34","78","ST","LW",false,false,false,"memphis-depay",18,59,54,49,58,81,76,82,82,82,81
50,47,36,42,71,37,75,78,36,63,23,13,50,25,11,15,14,12,11,52,42,19,53,15,15,14,14,13,22,82,82,70,84,79,"19","16","24","51","51","35","80","2022-06-23","2026-06-01",0,14,"England","Nick","Pope","Pope","Nick Pope",27567,30454,30454,203841,1365,82,82,"1992-04-19T00:00:00.000Z",32,13,"Newcastle United",13,7,1,"newcastle-united",22,13,"https://cmtracker.fra1.cdn.digitaloceanspaces.com/DB/25/heads/p203841.png",3,8,2,17,5,"Right",1,3,3,1,,199,90,"Male",,,"Yes","No",16500000,15000000,13000000,89000,82000,70000,"Footwork","Career Injury Prone","49","22","30","43","16","55","GK","-",false,false,false,"nick-pope",80,29,29,30,35,32,36,34,32,29,31
76,68,78,78,71,84,76,84,79,84,81,82,81,82,77,79,77,78,60,81,83,76,87,83,78,70,83,77,80,11,13,14,13,15,"76","75","80","81","77","82","14","2023-07-24","2027-06-01",0,4,"Austria","Marcel","Sabitzer","Sabitzer","Marcel Sabitzer",24044,32962,32962,204923,2339,82,82,"1994-03-17T00:00:00.000Z",30,22,"Borussia Dortmund",19,9,7,"borussia-dortmund",20,19,"https://cmtracker.fra1.cdn.digitaloceanspaces.com/DB/25/heads/p204923.png",3,5,1,2005,2,"Right",3,4,3,2,,178,76,"Male",,,"Yes","No",28000000,25500000,21500000,65000,60000,51000,"Finesse Shot, Power Shot, Pinged Pass, Trivela","Career Injury Prone","72","82","80","81","73","78","CDM","CAM | CM",false,false,false,"marcel-sabitzer",20,78,77,75,80,79,81,80,80,79,78
84,77,85,88,68,66,69,82,58,82,38,84,80,82,77,85,84,62,42,73,83,45,86,80,44,43,83,74,67,14,10,10,7,9,"74","44","76","74","84","69","10","2017-07-01","2026-06-01",0,21,"Germany","Serge","Gnabry","Gnabry","Serge Gnabry",34177,13700,13700,206113,2121,82,82,"1995-07-14T00:00:00.000Z",28,21,"Bayern München",19,10,6,"bayern-munchen",7,19,"https://cmtracker.fra1.cdn.digitaloceanspaces.com/DB/25/heads/p206113.png",0,3,7,3003,272,"Right",4,4,3,1,,176,77,"Male",,,"Yes","No",33500000,30500000,26000000,85000,78000,66000,"Technical, Quick Step","Career Injury Prone","81","81","75","84","42","65","RM","LM | ST",false,false,false,"serge-gnabry",17,64,60,53,62,80,75,82,82,82,78
67,82,65,74,88,78,86,79,91,83,79,70,71,75,64,74,71,64,82,74,77,78,85,80,85,85,69,77,85,14,8,8,11,13,"73","83","73","84","74","80","11","2020-02-18","2026-06-01",0,21,"Germany","Emre","Can","Emre Can","Emre Can",11017,6287,11018,208333,2292,82,82,"1994-01-12T00:00:00.000Z",30,22,"Borussia Dortmund",19,9,7,"borussia-dortmund",23,19,"https://cmtracker.fra1.cdn.digitaloceanspaces.com/DB/25/heads/p208333.png",21,9,4,1515,6,"Right",3,4,3,0,,186,86,"Male",,,"Yes","No",27000000,25000000,21000000,65000,60000,51000,"Pinged Pass, Long Ball Pass, Slide Tackle, Bruiser, Press Proven","Career Leadership","75","77","71","75","82","86","CB","CDM",false,false,false,"emre-can",18,77,78,82,79,73,75,73,74,72,76
86,87,85,70,74,76,63,78,65,82,57,78,78,84,81,88,79,80,56,72,79,54,84,84,64,61,74,86,79,9,11,9,10,10,"74","60","82","77","82","74","10","2023-09-04","2026-06-01",0,7,"Belgium","Yannick","Carrasco","Carrasco","Yannick Carrasco",40243,6549,6549,208418,2233,82,82,"1993-09-04T00:00:00.000Z",30,111674,"Al Shabab",350,7,3,"al-shabab",10,350,"https://cmtracker.fra1.cdn.digitaloceanspaces.com/DB/25/heads/p208418.png",3,9,4,4,1,"Right",4,4,3,0,,181,73,"Male",,,"Yes","No",32000000,29500000,25000000,61000,56000,47500,"Whipped Pass, Technical, Flair, Trivela","","87","80","79","81","58","70","LW","LM",false,false,false,"yannick-carrasco",17,72,70,63,69,81,77,81,81,82,78
50,51,53,64,81,78,81,83,80,82,85,64,79,78,67,76,62,69,82,85,82,84,80,74,84,80,64,65,78,8,9,11,15,10,"72","83","75","79","61","78","11","2018-07-26","2026-06-01",0,47,"Switzerland","Fabian","Schär","Schär","Fabian Schär",11601,33889,33889,210047,2194,82,82,"1991-12-20T00:00:00.000Z",32,13,"Newcastle United",13,7,1,"newcastle-united",5,13,"https://cmtracker.fra1.cdn.digitaloceanspaces.com/DB/25/heads/p210047.png",8,3,2,1503,5,"Right",2,3,3,0,,188,84,"Male",,,"Yes","No",21500000,20000000,17000000,135000,125000,105000,"Power Shot, Long Ball Pass","","51","70","75","73","83","80","CB","-",false,false,false,"fabian-schar",18,76,76,81,82,72,79,73,72,70,71
78,78,82,79,66,77,57,81,58,82,74,76,84,87,73,82,74,65,52,83,86,69,79,82,75,72,75,80,62,12,9,12,6,11,"72","72","80","73","80","73","10","2024-07-01","2028-06-01",0,37,"Poland","Piotr","Zieliński","Zieliński","Piotr Zieliński",30232,41167,41167,210406,2218,82,82,"1994-05-20T00:00:00.000Z",30,131682,"Lombardia FC",31,10,3,"lombardia-fc",7,31,"https://cmtracker.fra1.cdn.digitaloceanspaces.com/DB/25/heads/p210406.png",20,2,2,49,2,"Right",3,5,3,0,,180,75,"Male",,,"Yes","No",31500000,29000000,25000000,115000,105000,89000,"Technical","","78","75","79","82","68","65","CM","CDM",false,false,false,"piotr-zielinski",17,77,75,69,77,80,82,82,80,80,75
81,76,85,83,76,86,65,84,87,81,66,80,85,85,79,86,71,72,65,82,83,69,73,68,76,65,69,80,72,11,12,9,15,10,"74","70","81","74","82","79","12","2023-08-22","2026-06-01",0,38,"Portugal","Otávio Edmilson","da Silva Monteiro","Otávio","Otávio",28937,41389,28933,210411,2287,82,82,"1995-02-09T00:00:00.000Z",29,112139,"Al Nassr",350,9,1,"al-nassr",25,350,"https://cmtracker.fra1.cdn.digitaloceanspaces.com/DB/25/heads/p210411.png",20,3,3,1523,2,"Right",4,3,3,0,52000000,171,67,"Male",,,"Yes","No",32500000,30000000,25500000,65000,59000,51000,"Incisive Pass, Pinged Pass, Tiki Taka, Technical, Flair, First Touch, Relentless","","79","72","80","84","68","79","CAM","CM | RM",false,false,false,"otavio-edmilson-da-silva-monteiro",19,77,75,72,77,82,81,81,80,81,76
79,78,92,86,73,76,61,83,85,78,25,84,78,83,76,83,81,75,62,76,80,42,80,78,30,30,78,79,76,5,6,5,6,5,"76","34","80","74","84","71","6","2015-07-01","2027-06-01",0,27,"Italy","Domenico","Berardi","Berardi","Domenico Berardi",9787,4318,4318,210935,2114,82,82,"1994-08-01T00:00:00.000Z",29,111974,"Sassuolo",32,3,8,"sassuolo",10,32,"https://cmtracker.fra1.cdn.digitaloceanspaces.com/DB/25/heads/p210935.png",5,3,3,1508,1,"Left",4,3,3,1,,183,72,"Male",,,"Yes","No",32500000,30000000,25500000,7300,6700,5700,"Finesse Shot, Dead Ball, Incisive Pass, Technical, Flair, Trivela","Career Team Player","79","80","77","84","38","74","RW","RM",false,false,false,"domenico-berardi",14,60,56,50,59,80,74,81,81,81,78
79,82,82,80,73,86,67,82,77,76,80,75,76,80,80,77,61,49,58,75,79,79,62,59,81,83,58,80,60,13,10,9,9,12,"68","81","73","70","81","74","11","2012-09-13","2027-06-01",0,45,"Spain","José Luís","Gayà Peña","Gayà","Gayà",18402,13216,13214,211688,2189,82,82,"1995-05-25T00:00:00.000Z",29,461,"Valencia CF",53,7,2,"valencia-cf",14,53,"https://cmtracker.fra1.cdn.digitaloceanspaces.com/DB/25/heads/p211688.png",0,3,1,2015,1,"Left",4,3,3,2,,172,66,"Male",,,"Yes","No",29000000,27000000,23000000,61000,56000,47500,"Anticipate, Technical","Career Team Player, Career Injury Prone","81","63","73","80","76","76","LB","-",false,false,false,"jose-luis-gaya-pena",18,80,80,76,79,77,77,76,74,76,70
67,78,83,83,69,85,72,82,44,85,56,82,85,85,78,84,77,79,54,83,85,49,82,78,39,54,81,80,55,11,16,11,9,8,"75","48","83","78","79","68","11","2019-07-01","2026-06-01",0,21,"Germany","Julian","Brandt","Brandt","Julian Brandt",18612,5429,5429,212194,2169,82,82,"1996-05-02T00:00:00.000Z",28,22,"Borussia Dortmund",19,9,7,"borussia-dortmund",10,19,"https://cmtracker.fra1.cdn.digitaloceanspaces.com/DB/25/heads/p212194.png",4,2,1,17,1,"Right",4,4,3,0,,185,83,"Male",,,"Yes","No",33500000,30500000,26000000,69000,63000,54000,"Dead Ball, Incisive Pass, Tiki Taka, Technical, Flair, First Touch, Trivela","","73","76","82","84","50","68","CAM","LM | CM",false,false,false,"julian-brandt",18,69,65,57,67,81,80,82,81,80,77
56,75,61,61,80,67,78,81,75,79,86,32,62,78,51,67,36,39,80,79,83,86,37,20,84,82,25,41,36,10,12,8,8,6,"55","84","61","57","67","62","9","2022-07-04","2026-06-01",0,13,"Denmark","Andreas","Christensen","Christensen","Andreas Christensen",2055,7405,7405,213661,1861,82,83,"1996-04-10T00:00:00.000Z",28,241,"FC Barcelona",53,10,8,"fc-barcelona",15,53,"https://cmtracker.fra1.cdn.digitaloceanspaces.com/DB/25/heads/p213661.png",3,5,3,8,4,"Right",2,3,3,0,,187,82,"Male",,,"Yes","No",31500000,29000000,24500000,145000,130000,110000,"","Career Injury Prone","66","31","59","71","84","75","CB","CDM",false,false,false,"andreas-christensen",16,75,76,81,80,64,70,63,59,60,56
75,71,67,59,95,78,95,78,80,82,20,86,70,80,47,79,84,62,87,57,74,44,88,69,24,22,79,55,75,9,9,8,8,6,"75","30","67","85","70","69","8","2024-07-01","2026-06-01",0,56,"Colombia","Duván","Zapata","Duván","Duván Zapata",10263,40872,10263,215333,2022,82,82,"1991-04-01T00:00:00.000Z",33,54,"Torino",31,6,5,"torino",91,31,"https://cmtracker.fra1.cdn.digitaloceanspaces.com/DB/25/heads/p215333.png",0,9,10,1024,6,"Right",3,4,3,0,,188,88,"Male",,,"Yes","No",21500000,19500000,16500000,80000,73000,62000,"Power Shot, Power Header, Press Proven, Aerial","Career Injury Prone","73","80","61","74","39","87","ST","-",false,false,false,"duvan-zapata",15,53,51,53,55,73,68,75,78,74,82
78,77,75,74,76,87,67,81,85,81,80,76,80,80,86,77,55,71,67,75,80,78,76,65,81,81,32,82,55,11,8,10,14,7,"64","80","77","75","77","77","10","2017-07-21","2026-06-01",0,42,"Scotland","Andrew","Robertson","Robertson","Andrew Robertson",2084,32107,32107,216267,2208,82,82,"1994-03-11T00:00:00.000Z",30,9,"Liverpool",13,9,6,"liverpool",26,13,"https://cmtracker.fra1.cdn.digitaloceanspaces.com/DB/25/heads/p216267.png",3,4,1,4001,310,"Left",3,2,3,2,,178,64,"Male",,,"Yes","No",28500000,26500000,22500000,120000,110000,93000,"Whipped Pass","","78","60","79","78","77","79","LB","-",false,false,false,"andrew-robertson",17,81,80,77,79,78,78,76,75,76,70
68,65,79,84,75,93,71,75,85,82,81,65,79,82,73,78,69,74,70,81,82,77,80,84,84,82,65,79,69,8,8,15,8,11,"72","81","79","81","75","77","10","2023-07-03","2026-06-01",0,10,"Croatia","Marcelo","Brozović","Brozović","Marcelo Brozović",24049,5628,5628,216352,2281,82,82,"1992-11-16T00:00:00.000Z",31,112139,"Al Nassr",350,9,1,"al-nassr",11,350,"https://cmtracker.fra1.cdn.digitaloceanspaces.com/DB/25/heads/p216352.png",3,3,1,1522,1,"Right",3,4,3,1,,181,72,"Male",,,"Yes","No",23000000,21500000,18000000,61000,56000,47500,"Long Ball Pass, Press Proven, Relentless","","67","72","78","80","79","81","CDM","CM",false,false,false,"marcelo-brozovic",16,79,78,78,81,76,80,77,75,75,72
76,84,69,58,91,79,88,80,85,63,82,53,74,76,36,75,44,27,78,78,79,84,66,44,81,82,32,31,44,9,7,10,15,6,"54","83","58","74","74","67","10","2023-09-04","2027-06-01",0,56,"Colombia","Davinson","Sánchez","Sánchez","Davinson Sánchez",8828,36173,36173,220793,1986,82,82,"1996-06-12T00:00:00.000Z",28,325,"Galatasaray",68,10,4,"galatasaray",6,68,"https://cmtracker.fra1.cdn.digitaloceanspaces.com/DB/25/heads/p220793.png",0,9,10,1005,362,"Right",2,2,3,0,37000000,187,81,"Male",,,"Yes","No",28500000,26500000,22500000,73000,67000,57000,"Slide Tackle, Bruiser, Aerial","","80","47","54","70","81","86","CB","-",false,false,false,"davinson-sanchez",17,74,76,82,80,69,74,70,68,66,66
70,78,69,69,86,66,78,83,90,80,81,66,71,77,78,65,53,39,82,66,78,83,62,51,85,83,46,59,42,10,7,8,10,14,"68","84","62","69","74","72","10","2023-07-09","2028-06-01",0,18,"France","Lucas","Hernández","L.Hernandez","Lucas Hernández",22658,15494,21113,220814,2085,82,82,"1996-02-14T00:00:00.000Z",28,73,"Paris Saint-Germain",16,10,1,"paris-saint-germain",21,16,"https://cmtracker.fra1.cdn.digitaloceanspaces.com/DB/25/heads/p220814.png",3,10,3,2019,271,"Left",2,2,3,0,,184,79,"Male",,,"Yes","No",28500000,26500000,22500000,105000,96000,81000,"Slide Tackle, Bruiser","Career Injury Prone","74","53","65","74","83","80","CB","LB",false,false,false,"lucas-hernandez",18,78,79,82,78,71,72,70,69,70,68
70,81,68,66,90,89,90,85,91,83,84,80,83,85,73,83,75,38,82,79,84,79,84,63,84,77,60,62,61,9,13,8,13,13,"75","80","70","84","74","81","12","2019-07-23","2028-06-01",0,54,"Brazil","Joelinton","Apolinário de Lira","Joelinton","Joelinton",18123,2442,18123,223334,2285,82,82,"1996-08-14T00:00:00.000Z",27,13,"Newcastle United",13,7,1,"newcastle-united",7,13,"https://cmtracker.fra1.cdn.digitaloceanspaces.com/DB/25/heads/p223334.png",15,3,6,3001,6,"Right",3,3,3,0,,186,81,"Male",,,"Yes","No",35000000,32000000,27500000,135000,125000,105000,"Bruiser, Press Proven, Relentless","Career Team Player, Career Injury Prone","76","71","70","78","81","90","CM","LW",false,false,false,"joelinton-apolinario-de-lira",19,81,81,83,83,80,82,80,80,79,80
63,53,42,33,88,77,87,81,85,78,80,25,55,70,66,60,38,29,83,67,70,82,60,54,83,79,35,43,34,8,7,13,14,7,"59","82","54","74","55","60","10","2024-07-18","2029-06-01",0,51,"Serbia","Nikola","Milenković","Milenković","Nikola Milenković",27677,25640,25640,238095,1849,81,83,"1997-10-12T00:00:00.000Z",26,14,"Nottingham Forest",13,2,1,"nottingham-forest",31,13,"https://cmtracker.fra1.cdn.digitaloceanspaces.com/DB/25/heads/p238095.png",0,5,4,4010,5,"Right",2,3,2,0,,195,90,"Male",,,"Yes","No",30500000,28000000,24000000,81000,74000,63000,"Power Header, Anticipate, Aerial","","58","41","55","61","81","84","CB","-",false,false,false,"nikola-milenkovic",17,73,74,80,76,60,65,58,56,57,57
72,77,73,72,79,94,78,81,87,81,80,81,79,82,75,78,74,73,66,81,83,79,81,77,81,79,70,73,63,7,6,15,9,9,"74","80","78","82","75","79","10","2024-08-21","2029-06-01",0,14,"England","Conor","Gallagher","Gallagher","Conor Gallagher",7788,12944,12944,238216,2295,81,86,"2000-02-06T00:00:00.000Z",24,240,"Atlético de Madrid",53,9,4,"atletico-de-madrid",4,53,"https://cmtracker.fra1.cdn.digitaloceanspaces.com/DB/25/heads/p238216.png",5,2,2,4003,2,"Right",3,4,3,0,78300000,182,77,"Male",,,"Yes","No",42000000,38500000,33000000,69000,63000,54000,"Block, Intercept, Relentless","Career Team Player","75","74","77","78","77","85","CM","LM",false,false,false,"conor-gallagher",16,80,79,79,81,79,81,79,78,78,77
82,86,83,74,81,82,73,81,72,83,42,80,80,85,78,84,82,70,68,73,79,43,84,82,41,39,75,81,76,8,7,13,11,13,"77","41","79","81","82","73","11","2023-07-01","2029-06-01",0,54,"Brazil","Matheus Santos","Carneiro Da Cunha","Cunha","Matheus Cunha",24631,6518,8153,240243,2191,81,83,"1999-05-27T00:00:00.000Z",25,110,"Wolverhampton Wanderers",13,4,3,"wolverhampton-wanderers",10,13,"https://cmtracker.fra1.cdn.digitaloceanspaces.com/DB/25/heads/p240243.png",3,3,5,1039,1,"Right",4,4,3,0,,183,76,"Male",,,"Yes","No",35500000,32500000,27500000,85000,78000,66000,"Power Shot, Dead Ball, Flair, First Touch, Trickster","","84","80","77","82","47","77","CAM","LW | ST",false,false,false,"matheus-santos-carneiro-da-cunha",17,66,62,57,63,81,76,81,81,82,80
71,77,69,65,87,73,81,82,77,76,81,35,66,76,58,72,42,32,79,78,80,83,49,26,83,82,32,67,38,8,9,11,12,12,"59","83","65","64","73","63","11","2021-07-18","2026-06-01",0,14,"England","Marc","Guéhi","Guéhi","Marc Guéhi",24016,14476,14476,241159,1969,81,84,"2000-07-13T00:00:00.000Z",23,1799,"Crystal Palace",13,5,3,"crystal-palace",6,13,"https://cmtracker.fra1.cdn.digitaloceanspaces.com/DB/25/heads/p241159.png",0,9,8,1024,2,"Right",2,5,3,0,,182,82,"Male",,,"Yes","No",34500000,31500000,26500000,85000,78000,66000,"Long Ball Pass, Jockey, Block, Anticipate","Career Solid Player, Career Leadership","74","37","64","73","82","80","CB","-",false,false,false,"marc-guehi",18,76,77,81,79,68,71,66,62,64,60
86,81,85,78,84,72,69,81,54,82,34,82,79,81,78,82,81,60,75,77,79,35,79,77,24,28,74,76,74,12,9,11,12,15,"78","29","76","77","83","68","12","2022-01-01","2027-06-01",0,45,"Spain","Ferran","Torres García","Ferran","Ferran Torres",12053,37533,12053,241461,2106,81,84,"2000-02-29T00:00:00.000Z",24,241,"FC Barcelona",53,10,8,"fc-barcelona",7,53,"https://cmtracker.fra1.cdn.digitaloceanspaces.com/DB/25/heads/p241461.png",3,4,3,0,1,"Right",4,4,3,0,73300000,184,77,"Male",,,"Yes","No",38500000,35000000,30000000,125000,115000,96000,"Finesse Shot, Technical","","84","78","75","82","39","70","LW","RW | ST",false,false,false,"ferran-torres-garcia",19,60,56,49,57,80,74,80,80,80,79
66,73,64,52,86,78,78,80,73,85,81,66,78,80,64,64,31,54,85,86,84,83,58,40,83,82,41,74,42,11,13,13,9,13,"61","83","72","68","67","71","12","2023-07-12","2028-06-01",0,45,"Spain","Pau","Francisco Torres","Pau","Pau Torres",29570,12496,29570,241464,2070,81,81,"1997-01-16T00:00:00.000Z",27,2,"Aston Villa",13,7,1,"aston-villa",14,13,"https://cmtracker.fra1.cdn.digitaloceanspaces.com/DB/25/heads/p241464.png",6,10,4,8,4,"Left",2,2,3,0,,191,80,"Male",,,"Yes","No",26000000,24000000,20000000,120000,110000,94000,"Pinged Pass","","70","46","73","71","83","79","CB","-",false,false,false,"pau-francisco-torres",19,77,78,81,81,71,76,70,67,66,63
63,65,66,69,88,70,88,76,83,71,82,51,60,70,71,59,47,77,84,75,79,82,81,76,82,79,38,70,64,14,14,11,15,7,"64","81","71","81","68","69","13","2017-07-01","2025-06-01",0,18,"France","Théa","Gréboval","Greboval","Théa Gréboval",37106,14168,14044,241546,2127,81,83,"1997-04-05T00:00:00.000Z",27,116035,"Paris FC",2218,8,4,"paris-fc",19,2218,"https://cmtracker.fra1.cdn.digitaloceanspaces.com/DB/25/heads/p241546.png",2,2,5,5504,8,"Left",2,3,3,0,,168,61,"Female",,,"Yes","No",30000000,27500000,23500000,4900,4500,3800,"Long Ball Pass, Jockey, Block, Intercept, Aerial","Career Team Player","64","60","72","69","82","82","CB","-",false,false,false,"thea-greboval",19,74,76,81,77,65,70,65,64,64,65
65,72,59,61,83,70,78,79,83,77,85,40,66,71,63,60,36,43,80,70,74,86,65,47,83,80,46,52,49,13,11,7,12,11,"60","83","60","69","68","67","11","2024-07-13","2029-06-01",0,27,"Italy","Alessandro","Buongiorno","Buongiorno","Alessandro Buongiorno",1469,5815,5815,243241,1977,81,86,"1999-06-06T00:00:00.000Z",25,48,"Napoli",31,9,1,"napoli",4,31,"https://cmtracker.fra1.cdn.digitaloceanspaces.com/DB/25/heads/p243241.png",3,4,3,57,4,"Left",2,3,1,0,,190,86,"Male",,,"Yes","No",37000000,34000000,29000000,110000,105000,87000,"Block, Aerial","","69","47","61","68","83","79","CB","-",false,false,false,"alessandro-buongiorno",18,74,76,81,77,64,68,62,60,61,59
75,69,78,80,66,83,73,77,78,80,74,77,84,85,78,78,72,82,41,85,84,70,81,84,71,69,72,82,78,9,6,10,12,6,"70","70","83","78","76","79","9","2023-07-01","2028-06-01",0,48,"Turkey","Orkun","Kökçü","Kökcü","Orkun Kökçü",28766,21015,21014,243245,2249,81,85,"2000-12-29T00:00:00.000Z",23,234,"Benfica",308,10,5,"benfica",10,308,"https://cmtracker.fra1.cdn.digitaloceanspaces.com/DB/25/heads/p243245.png",20,5,2,2512,2,"Right",3,5,3,0,,175,72,"Male",,,"Yes","No",40000000,36500000,31000000,18000,16500,14000,"Finesse Shot, Power Shot, Dead Ball, Incisive Pass, Trivela","","72","77","83","80","65","75","CM","CAM",false,false,false,"orkun-kokcu",15,76,73,70,77,79,81,80,78,78,73
66,64,72,77,75,77,83,72,74,83,79,56,75,82,73,71,57,68,57,82,84,83,75,70,83,73,50,66,78,9,14,8,17,10,"65","80","74","76","71","75","12","2018-01-18","2025-06-01",0,95,"United States","Andi","Sullivan","Sullivan","Andi Sullivan",2023,35902,35902,243261,2163,81,81,"1995-12-20T00:00:00.000Z",28,116304,"Washington Spirit",2221,8,2,"washington-spirit",12,2221,"https://cmtracker.fra1.cdn.digitaloceanspaces.com/DB/25/heads/p243261.png",6,2,2,7004,7,"Right",3,3,3,1,,168,57,"Female",,,"Yes","No",24500000,22500000,19500000,14000,12500,11000,"Intercept","Career Team Player, Career Injury Prone","65","64","75","76","75","77","CDM","CM",false,false,false,"andi-sullivan",18,76,75,77,79,72,76,73,70,70,66
71,69,83,64,84,73,75,80,41,78,45,85,70,83,63,77,83,72,80,70,83,40,84,82,48,39,73,61,79,12,16,12,14,14,"77","43","73","80","74","67","14","2018-01-16","2026-06-01",0,95,"United States","Ashley","Hatch","Hatch","Ashley Hatch",2835,15158,15158,243263,2103,81,81,"1995-05-25T00:00:00.000Z",29,116304,"Washington Spirit",2221,8,2,"washington-spirit",33,2221,"https://cmtracker.fra1.cdn.digitaloceanspaces.com/DB/25/heads/p243263.png",6,2,5,5506,2,"Right",4,4,3,0,,173,65,"Female",,,"Yes","No",28000000,25500000,22000000,15500,14500,12000,"Power Header, Technical, Trivela, Aerial","","70","81","70","78","50","68","ST","LM",false,false,false,"ashley-hatch",21,62,60,57,62,76,74,78,79,77,80
39,35,36,25,62,32,61,80,22,56,19,11,60,15,15,11,8,15,12,26,25,22,58,7,13,11,12,14,19,80,78,77,82,80,"15","16","17","44","43","32","80","2018-07-02","2030-06-01",0,49,"Ukraine","Andriy","Lunin","Lunin","Andriy Lunin",2110,22868,22868,243952,1218,81,86,"1999-02-11T00:00:00.000Z",25,243,"Real Madrid",53,10,5,"real-madrid",13,53,"https://cmtracker.fra1.cdn.digitaloceanspaces.com/DB/25/heads/p243952.png",6,2,2,3,5,"Right",1,3,1,1,,191,78,"Male",,,"Yes","No",33000000,30000000,25500000,105000,96000,81000,"Footwork","","37","19","26","37","15","44","GK","-",false,false,false,"andriy-lunin",79,25,25,26,27,26,29,28,27,24,26
65,80,55,49,84,72,78,80,81,74,82,52,68,75,48,60,40,41,81,76,78,82,69,54,83,80,41,55,48,7,15,9,6,14,"58","82","62","72","66","68","11","2022-07-01","2025-06-30",1,129,"Morocco","Nayef","Aguerd","N.Aguerd","Nayef Aguerd",27245,726,26902,244749,1982,81,82,"1996-03-30T00:00:00.000Z",28,19,"West Ham United",13,6,2,"west-ham-united",21,53,"https://cmtracker.fra1.cdn.digitaloceanspaces.com/DB/25/heads/p244749.png",21,4,3,36,4,"Left",2,3,2,0,,190,76,"Male",,,"Yes","No",26500000,24500000,21000000,110000,100000,85000,"Power Header, Long Ball Pass, Anticipate","Career Injury Prone","73","51","61","66","82","79","CB","-",false,false,false,"nayef-aguerd",18,73,76,80,78,65,71,66,64,62,63
77,78,84,74,78,71,72,81,50,81,35,82,82,84,75,84,81,74,66,73,79,37,81,79,36,34,68,82,69,5,9,6,7,15,"74","36","80","77","79","67","9","2023-07-01","2026-06-01",0,38,"Portugal","Francisco","Trincão","Trincão","Trincão",12479,37651,37651,244778,2089,81,83,"1999-12-29T00:00:00.000Z",24,237,"Sporting CP",308,10,5,"sporting-cp",17,308,"https://cmtracker.fra1.cdn.digitaloceanspaces.com/DB/25/heads/p244778.png",3,9,4,3513,1,"Left",4,2,3,0,,184,74,"Male",,,"Yes","No",36500000,33500000,28500000,18500,17000,14500,"Finesse Shot, Incisive Pass, Technical, Flair, First Touch, Trickster, Trivela","","78","77","78","81","42","68","CAM","RW | RM",false,false,false,"francisco-trincao",16,61,58,51,59,79,75,81,81,80,78
67,70,70,75,75,90,77,79,78,77,81,73,77,79,66,77,66,56,63,78,80,78,76,70,81,76,46,66,64,12,7,12,9,5,"65","79","72","78","73","75","9","2024-08-17","2028-06-01",0,18,"France","Youssouf","Fofana","Fofana","Youssouf Fofana",40610,12330,12330,245630,2156,81,85,"1999-01-10T00:00:00.000Z",25,131681,"Milano FC",31,10,1,"milano-fc",29,31,"https://cmtracker.fra1.cdn.digitaloceanspaces.com/DB/25/heads/p245630.png",0,3,10,1035,2,"Right",3,3,2,1,,181,75,"Male",,,"Yes","No",35500000,32500000,27500000,130000,120000,105000,"Incisive Pass, Jockey, Anticipate, Relentless","Career Team Player","69","66","71","76","76","80","CDM","CM",false,false,false,"youssouf-fofana",16,77,76,77,79,75,78,75,74,73,71
78,77,83,85,76,87,71,70,75,84,63,80,82,83,84,83,73,80,45,79,85,70,89,81,67,55,70,90,80,7,6,9,13,8,"72","64","83","81","79","78","9","2023-07-11","2025-06-01",0,45,"Spain","Ángela","Sosa Martín","Martín Sosa","Ángela Sosa",41690,35378,47532,246287,2268,81,81,"1993-01-16T00:00:00.000Z",31,116333,"Levante UD",2222,8,3,"levante-ud",11,2222,"https://cmtracker.fra1.cdn.digitaloceanspaces.com/DB/25/heads/p246287.png",2,4,2,7009,2,"Right",4,3,3,0,,166,56,"Female",,,"Yes","No",23500000,21500000,18000000,23000,21000,18000,"Finesse Shot, Dead Ball, Pinged Pass, Tiki Taka, Trivela","","78","79","83","81","60","77","CAM","CM | RM",false,false,false,"angela-sosa-martin",15,74,71,66,74,80,79,80,79,80,75
77,82,77,76,94,77,88,79,82,79,77,76,77,81,59,82,71,48,83,80,80,78,80,71,83,79,64,67,55,6,10,12,8,13,"72","80","72","82","79","75","10","2023-07-03","2028-06-01",0,21,"Germany","Felix","Nmecha","F. Nmecha","Felix Nmecha",11943,27806,11564,246863,2251,81,86,"2000-10-10T00:00:00.000Z",23,22,"Borussia Dortmund",19,9,7,"borussia-dortmund",8,19,"https://cmtracker.fra1.cdn.digitaloceanspaces.com/DB/25/heads/p246863.png",0,9,6,1037,5,"Right",4,3,1,1,63900000,194,80,"Male",,,"Yes","No",39000000,35500000,30500000,49500,45500,39000,"Long Ball Pass, Block, Flair, Press Proven, Aerial","","80","70","69","79","80","85","CDM","CM",false,false,false,"felix-nmecha",17,76,77,81,79,76,78,78,78,76,78
85,85,69,62,93,85,80,78,83,74,85,32,34,75,34,45,27,35,81,40,63,79,45,25,82,86,29,32,46,12,7,10,12,6,"47","83","46","66","76","59","10","2023-08-10","2027-06-01",0,54,"Brazil","Roger","Ibañez Da Silva","Ibañez","Ibañez",32255,16359,16358,247257,1816,81,83,"1998-11-23T00:00:00.000Z",25,112387,"Al Ahli",350,8,1,"al-ahli",3,350,"https://cmtracker.fra1.cdn.digitaloceanspaces.com/DB/25/heads/p247257.png",0,4,2,1508,5,"Right",2,2,2,0,,185,73,"Male",,,"No","No",31000000,28500000,24500000,52000,47000,40000,"Block, Intercept","","85","34","40","67","83","85","CB","-",false,false,false,"roger-ibanez-da-silva",16,73,76,81,72,56,57,53,53,53,54
74,74,80,69,82,76,90,85,68,76,78,83,81,85,70,82,80,62,60,82,84,78,79,74,60,73,58,67,61,13,9,13,11,13,"71","71","76","81","77","75","12","2017-01-01","2026-06-01",0,21,"Germany","Sydney","Lohmann","Lohmann","Sydney Lohmann",36106,22440,22440,247791,2230,81,86,"2000-06-19T00:00:00.000Z",24,115995,"Bayern München",2215,10,1,"bayern-munchen",12,2215,"https://cmtracker.fra1.cdn.digitaloceanspaces.com/DB/25/heads/p247791.png",5,5,4,7010,2,"Right",3,3,3,1,,176,67,"Female",,,"Yes","No",42500000,39000000,33000000,4100,3800,3200,"Block, Rapid, Aerial","Career Injury Prone","74","73","74","80","70","79","RM","CAM",false,false,false,"sydney-lohmann",19,76,74,74,78,80,80,81,81,80,78
60,62,73,75,83,75,75,80,82,83,78,49,42,78,40,62,60,60,86,78,81,85,50,66,83,82,37,64,58,12,14,7,11,12,"61","84","69","70","70","66","12","2022-07-01","2025-06-01",0,21,"Germany","Marina","Hegering","Hegering","Marina Hegering",24204,15302,15302,248715,2043,81,81,"1990-04-17T00:00:00.000Z",34,115998,"VfL Wolfsburg",2215,10,1,"vfl-wolfsburg",31,2215,"https://cmtracker.fra1.cdn.digitaloceanspaces.com/DB/25/heads/p248715.png",6,2,4,5501,8,"Right",3,3,3,0,,170,59,"Female",,,"Yes","No",9000000,8500000,7000000,4700,4300,3700,"Long Ball Pass","Career Team Player, Career Injury Prone","61","53","61","75","83","79","CB","-",false,false,false,"marina-hegering",19,72,74,81,78,63,70,65,64,63,65
65,53,80,79,71,81,66,85,68,84,80,64,84,84,72,78,49,68,67,83,87,77,73,65,76,68,51,69,42,7,14,5,9,9,"66","74","77","72","73","71","9","2023-08-25","2028-06-01",0,21,"Germany","Angelo","Stiller","Stiller","Angelo Stiller",2192,35700,35700,250959,2113,81,84,"2001-04-04T00:00:00.000Z",23,36,"VfB Stuttgart",19,6,7,"vfb-stuttgart",6,19,"https://cmtracker.fra1.cdn.digitaloceanspaces.com/DB/25/heads/p250959.png",5,5,1,2516,2,"Left",3,3,1,1,,183,79,"Male",,,"Yes","No",35000000,32000000,27000000,34000,31500,26500,"Incisive Pass, Long Ball Pass, Press Proven","","59","57","77","82","74","72","CDM","CM",false,false,false,"angelo-stiller",17,76,75,74,79,75,80,76,72,72,67
71,70,79,66,79,83,70,77,55,73,58,79,83,86,76,85,77,72,75,80,81,45,81,79,58,54,76,75,67,11,8,14,8,8,"77","53","80","79","73","70","10","2024-07-01","2027-06-01",0,7,"Belgium","Charles","De Ketelaere","De Ketelaere","Charles De Ketelaere",7025,8895,8895,251470,2159,81,85,"2001-03-10T00:00:00.000Z",23,115845,"Atalanta",31,7,3,"atalanta",17,31,"https://cmtracker.fra1.cdn.digitaloceanspaces.com/DB/25/heads/p251470.png",6,4,2,3,4,"Left",4,3,1,0,,192,79,"Male",,,"No","No",40500000,37000000,31500000,72000,66000,56000,"Incisive Pass, Technical, Flair","Career Solid Player","71","77","78","78","58","72","CAM","ST",false,false,false,"charles-de-ketelaere",16,69,67,62,69,79,79,80,80,79,78
42,64,65,66,57,65,65,78,66,78,71,79,84,86,75,84,74,63,52,85,87,64,74,77,72,65,47,51,67,14,5,13,11,13,"67","67","74","68","63","75","12","2023-12-14","2025-06-01",0,54,"Brazil","Luana","Bertolucci Paixão","Luana","Luana",22639,4461,22639,253175,2059,81,81,"1993-05-02T00:00:00.000Z",31,116307,"Orlando Pride",2221,4,3,"orlando-pride",8,2221,"https://cmtracker.fra1.cdn.digitaloceanspaces.com/DB/25/heads/p253175.png",0,3,2,10500,8,"Right",3,4,3,0,,163,60,"Female",,,"Yes","No",23000000,21000000,18000000,9800,9000,7600,"Technical","","53","70","74","76","65","63","CM","CDM",false,false,false,"luana-bertolucci-paixao",18,72,69,67,75,77,81,80,77,76,72
69,75,45,68,82,68,70,81,85,67,82,41,47,72,64,54,30,30,82,70,81,83,45,30,84,83,34,45,34,13,9,11,9,9,"59","84","55","59","68","60","11","2021-07-09","2027-06-01",0,18,"France","Élisa","De Almeida","De Almeida","Élisa De Almeida",44940,8864,8864,253469,1852,81,84,"1998-01-11T00:00:00.000Z",26,116034,"Paris Saint-Germain",2218,9,1,"paris-saint-germain",5,2218,"https://cmtracker.fra1.cdn.digitaloceanspaces.com/DB/25/heads/p253469.png",0,4,4,7501,1,"Right",2,2,3,0,,173,61,"Female",,,"Yes","No",32500000,30000000,25500000,6600,6100,5100,"Pinged Pass, Jockey, Bruiser","","72","36","56","65","83","76","CB","-",false,false,false,"elisa-de-almeida",17,75,77,80,77,63,65,59,57,58,56
80,82,76,86,75,74,62,80,67,75,81,58,63,81,76,73,44,43,65,72,83,76,47,41,80,79,44,67,49,5,8,13,9,10,"63","79","68","60","81","66","9","2024-08-22","2026-06-01",0,18,"France","Perle","Morroni","Morroni","Perle Morroni",29922,47794,47794,256095,2024,81,81,"1997-10-15T00:00:00.000Z",26,116312,"San Diego Wave FC",2221,7,3,"san-diego-wave-fc",75,2221,"https://cmtracker.fra1.cdn.digitaloceanspaces.com/DB/25/heads/p256095.png",0,4,7,8500,8,"Left",3,3,3,2,,158,53,"Female",,,"Yes","No",28000000,25500000,21500000,11000,10000,8600,"Block, Slide Tackle, Technical, Quick Step","","81","47","67","79","76","70","LB","-",false,false,false,"perle-morroni",16,78,78,75,77,73,73,70,67,70,62
72,76,86,88,68,82,71,77,65,82,81,74,81,83,64,80,73,80,48,82,84,80,83,83,70,62,55,79,65,14,10,11,13,11,"65","71","81","78","80","75","12","2020-10-04","2026-06-01",0,45,"Spain","Teresa José","Abelleira Dueñas","Teresa","Tere Abelleira",36836,319,36835,258576,2233,81,86,"2000-01-09T00:00:00.000Z",24,116326,"Real Madrid",2222,9,1,"real-madrid",3,2222,"https://cmtracker.fra1.cdn.digitaloceanspaces.com/DB/25/heads/p258576.png",19,5,2,10028,8,"Right",4,4,3,0,,160,59,"Female",,,"Yes","No",42000000,38500000,33000000,20500,18500,16000,"Dead Ball, Incisive Pass, Long Ball Pass, Tiki Taka, First Touch, Press Proven, Trivela","","74","72","78","83","68","72","CM","CDM",false,false,false,"teresa-jose-abelleira-duenas",19,75,73,71,77,77,80,79,78,77,73
82,87,80,81,89,81,78,80,70,80,35,83,73,82,62,84,82,53,76,62,78,35,79,70,37,33,76,70,62,12,7,12,7,7,"75","35","71","80","82","68","9","2023-07-01","2033-06-01",0,136,"Senegal","Nicolas","Jackson","N. Jackson","Nicolas Jackson",27599,17215,26884,259197,2085,81,85,"2001-06-20T00:00:00.000Z",23,5,"Chelsea",13,8,1,"chelsea",15,13,"https://cmtracker.fra1.cdn.digitaloceanspaces.com/DB/25/heads/p259197.png",21,9,10,1013,4,"Right",3,3,3,0,,187,78,"Male",,,"Yes","No",41000000,37500000,32000000,130000,120000,100000,"Technical, Flair, Trivela","","85","75","66","81","43","80","ST","-",false,false,false,"nicolas-jackson",16,61,58,54,59,78,72,79,80,79,80
80,78,91,91,84,89,69,78,56,75,68,80,81,84,71,83,84,83,79,77,82,45,84,85,72,60,60,84,81,11,11,9,15,7,"76","59","83","83","84","74","11","2018-09-09","2026-06-01",0,45,"Spain","Nerea","Eizagirre Lasa","N. Eizagirre","Nerea Eizagirre",27412,10655,26876,259334,2287,81,84,"2000-01-04T00:00:00.000Z",24,116336,"Real Sociedad",2222,7,5,"real-sociedad",10,2222,"https://cmtracker.fra1.cdn.digitaloceanspaces.com/DB/25/heads/p259334.png",3,9,2,5509,431,"Right",4,3,3,0,,165,65,"Female",,,"Yes","No",38000000,35000000,29500000,17500,16000,13500,"Finesse Shot, Dead Ball, Pinged Pass, Flair, First Touch, Trivela","","79","79","80","84","65","75","CM","LM | LW",false,false,false,"nerea-eizagirre-lasa",18,73,72,67,72,80,80,81,81,81,80
86,89,78,70,85,83,78,79,81,78,80,77,75,80,80,82,64,51,69,65,78,77,74,59,78,76,58,64,46,8,14,11,14,10,"70","77","69","76","81","73","12","2022-08-17","2030-06-01",0,27,"Italy","Destiny","Udogie","Udogie","Destiny Udogie",9255,37986,37986,259583,2197,81,85,"2002-11-28T00:00:00.000Z",21,18,"Tottenham Hotspur",13,7,3,"tottenham-hotspur",13,13,"https://cmtracker.fra1.cdn.digitaloceanspaces.com/DB/25/heads/p259583.png",0,3,8,1024,5,"Left",3,3,3,2,127500000,186,73,"Male",,,"Yes","No",38000000,35000000,29500000,82000,76000,64000,"Whipped Pass, Block, Quick Step","Career Injury Prone","88","63","69","78","76","82","LB","-",false,false,false,"destiny-udogie",18,80,79,77,77,78,75,76,76,77,74
74,79,78,85,77,79,82,81,70,83,68,81,83,82,75,84,79,55,56,78,82,62,76,74,67,49,64,74,60,7,8,13,14,11,"72","60","75","78","80","75","11","2024-02-01","2030-06-01",0,14,"England","Morgan","Rogers","Rogers","Morgan Rogers",26245,32261,32261,260247,2190,81,85,"2002-07-26T00:00:00.000Z",21,2,"Aston Villa",13,7,1,"aston-villa",27,13,"https://cmtracker.fra1.cdn.digitaloceanspaces.com/DB/25/heads/p260247.png",3,9,4,1024,5,"Right",3,4,3,0,,188,80,"Male",,,"No","No",41000000,37500000,32000000,96000,88000,75000,"Incisive Pass, Technical, Flair","Career Solid Player","77","72","75","82","60","77","CAM","LM | RM",false,false,false,"morgan-rogers",17,72,69,67,73,80,79,80,80,80,77
88,86,83,85,74,90,72,78,82,73,78,73,73,75,81,76,53,42,60,66,75,77,79,55,79,80,53,75,46,8,13,10,13,13,"65","79","67","74","84","71","12","2023-07-20","2028-06-01",0,23,"Hungary","Milos","Kerkez","Kerkez","Milos Kerkez",25688,19686,19686,260908,2164,81,85,"2003-11-07T00:00:00.000Z",20,1943,"AFC Bournemouth",13,2,1,"afc-bournemouth",3,13,"https://cmtracker.fra1.cdn.digitaloceanspaces.com/DB/25/heads/p260908.png",6,4,4,1540,2,"Left",3,3,1,2,,180,71,"Male",,,"Yes","No",36500000,33500000,28500000,59000,54000,45500,"Whipped Pass, Slide Tackle, Rapid","Career Solid Player","87","60","69","78","75","80","LB","-",false,false,false,"milos-kerkez",18,80,79,75,76,76,73,73,72,74,69
83,79,76,78,88,50,80,82,32,66,35,86,59,84,44,80,82,51,74,58,80,19,78,76,21,15,79,50,72,6,9,13,10,11,"72","19","65","75","80","59","10","2024-06-19","2026-06-01",0,70,"Canada","Évelyne","Viens","Viens","Évelyne Viens",41767,38781,38781,261514,1906,81,81,"1997-02-06T00:00:00.000Z",27,116282,"Roma",2226,9,3,"roma",7,2226,"https://cmtracker.fra1.cdn.digitaloceanspaces.com/DB/25/heads/p261514.png",0,3,2,7003,2,"Right",3,4,3,0,,173,64,"Female",,,"No","No",30500000,28000000,23500000,46000,42000,35500,"Finesse Shot, Trivela","","81","79","57","78","33","63","ST","-",false,false,false,"evelyne-viens",17,51,48,45,51,73,68,77,79,76,80
84,81,82,75,79,85,68,80,73,75,77,81,80,82,84,81,72,45,68,76,82,76,76,66,78,76,60,83,62,14,10,8,10,6,"74","77","74","75","81","75","10","2022-08-05","2027-06-01",0,45,"Spain","Miguel","Gutiérrez Ortega","Miguel","Miguel Gutiérrez",25515,14456,25515,261865,2235,81,85,"2001-07-27T00:00:00.000Z",22,110062,"Girona FC",53,1,2,"girona-fc",3,53,"https://cmtracker.fra1.cdn.digitaloceanspaces.com/DB/25/heads/p261865.png",0,3,2,2019,1,"Left",2,3,3,2,,180,73,"Male",,,"Yes","No",38000000,35000000,29500000,37500,34000,29000,"","","83","70","75","79","75","76","LB","LM",false,false,false,"miguel-gutierrez-ortega",17,80,79,75,78,81,79,79,79,80,76
87,88,92,92,93,91,82,80,61,82,35,80,74,84,75,83,82,58,79,73,79,32,78,75,58,49,47,70,67,11,12,9,9,12,"73","47","74","84","88","67","11","2020-10-11","2025-06-01",0,45,"Spain","Amaiur","Sarriegi Isasa","Amaiur","Amaiur Sarriegi",1804,33609,1804,262545,2179,81,87,"2000-12-13T00:00:00.000Z",23,116336,"Real Sociedad",2222,7,5,"real-sociedad",7,2222,"https://cmtracker.fra1.cdn.digitaloceanspaces.com/DB/25/heads/p262545.png",3,7,4,7009,8,"Right",4,4,3,0,,168,59,"Female",,,"Yes","No",45000000,41000000,35000000,19000,17500,15000,"Finesse Shot, Technical, First Touch, Quick Step, Relentless","","88","72","72","86","51","82","ST","RW | LW",false,false,false,"amaiur-sarriegi-isasa",18,67,65,60,64,81,76,80,81,81,80
82,80,69,73,84,83,68,78,57,81,79,75,80,80,80,75,67,45,76,79,84,78,67,62,79,77,61,77,56,5,10,12,9,10,"74","78","72","73","77","72","10","2020-07-01","2025-06-01",0,14,"England","Niamh","Charles","Charles","Niamh Charles",27546,7025,7025,263007,2178,81,85,"1999-06-21T00:00:00.000Z",25,116010,"Chelsea",2216,10,1,"chelsea",21,2216,"https://cmtracker.fra1.cdn.digitaloceanspaces.com/DB/25/heads/p263007.png",6,2,2,9005,2,"Right",3,5,3,2,,172,64,"Female",,,"Yes","No",36000000,33000000,28000000,4600,4300,3600,"Rapid, Long Throw","Career Solid Player","81","65","74","76","78","73","LB","RM | RB",false,false,false,"niamh-charles",16,79,79,76,78,78,78,77,76,76,73
63,72,44,56,84,74,82,79,76,81,79,52,69,79,75,73,43,67,80,81,84,83,71,70,83,79,39,82,60,11,8,8,8,5,"65","82","77","77","63","70","8","2022-07-01","2025-06-01",0,18,"France","Océane","Deslandes","Deslandes","Océane Deslandes",28306,9241,9241,264866,2100,81,86,"2000-07-26T00:00:00.000Z",23,116037,"Montpellier HSC",2218,7,5,"montpellier-hsc",24,2218,"https://cmtracker.fra1.cdn.digitaloceanspaces.com/DB/25/heads/p264866.png",20,7,2,7009,8,"Left",3,3,1,0,,169,61,"Female",,,"Yes","No",38500000,35000000,30000000,3100,2900,2400,"Incisive Pass, Pinged Pass, Long Ball Pass, Anticipate","Career Solid Player","68","56","76","69","81","79","CB","LB",false,false,false,"oceane-deslandes",15,77,78,80,80,71,75,70,68,68,66
56,66,60,66,80,62,71,76,85,73,83,49,53,69,45,67,44,41,86,74,75,85,59,35,87,81,39,62,66,14,11,13,14,15,"58","85","63","62","65","69","14","2018-01-30","2026-06-01",0,37,"Poland","Paulina","Dudek","Dudek","Paulina Dudek",29609,10134,10134,264884,1962,81,84,"1997-06-16T00:00:00.000Z",27,116034,"Paris Saint-Germain",2218,9,1,"paris-saint-germain",4,2218,"https://cmtracker.fra1.cdn.digitaloceanspaces.com/DB/25/heads/p264884.png",4,2,2,7006,8,"Left",2,2,3,0,,169,62,"Female",,,"Yes","No",32000000,29500000,25000000,6600,6100,5100,"Long Ball Pass, Intercept, Anticipate, Aerial","","61","49","58","69","84","75","CB","-",false,false,false,"paulina-dudek",20,71,73,81,76,62,67,62,60,59,61
74,71,78,80,78,71,80,85,79,75,56,87,80,86,76,79,80,69,61,74,83,53,77,76,51,43,69,74,69,5,14,13,13,15,"74","49","77","77","78","75","12","2024-04-03","2026-06-01",0,47,"Switzerland","Ramona","Bachmann","Bachmann","Ramona Bachmann",31345,3336,3336,264892,2174,81,81,"1990-12-25T00:00:00.000Z",33,116306,"Houston Dash",2221,4,5,"houston-dash",28,2221,"https://cmtracker.fra1.cdn.digitaloceanspaces.com/DB/25/heads/p264892.png",3,4,2,7010,9,"Right",3,3,3,1,,162,59,"Female",,,"Yes","No",17500000,16000000,13500000,8600,7900,6700,"Incisive Pass, Technical, First Touch","Career Injury Prone","73","76","76","81","53","77","LM","ST",false,false,false,"ramona-bachmann",19,67,64,62,69,79,77,81,80,80,78
63,68,72,89,78,87,85,84,72,67,74,71,79,83,45,80,69,56,68,80,86,76,70,73,78,70,54,61,65,8,10,15,8,12,"65","75","72","79","76","72","11","2020-07-01","2026-06-01",0,4,"Austria","Sarah","Zadrazil","Zadrazil","Sarah Zadrazil",33558,40773,40773,264903,2156,81,81,"1993-02-19T00:00:00.000Z",31,115995,"Bayern München",2215,10,1,"bayern-munchen",25,2215,"https://cmtracker.fra1.cdn.digitaloceanspaces.com/DB/25/heads/p264903.png",3,9,2,9528,7,"Right",4,3,1,1,,168,61,"Female",,,"No","No",19500000,18000000,15500000,4700,4300,3700,"Incisive Pass, Intercept, Bruiser, Press Proven, Relentless","Career Solid Player","66","67","68","79","73","81","CDM","-",false,false,false,"sarah-zadrazil",17,74,73,76,79,74,80,78,76,73,73
85,84,76,74,79,73,65,83,65,71,55,84,77,83,74,79,82,78,69,67,80,39,73,76,40,39,75,65,70,14,9,10,9,8,"76","40","75","74","81","71","10","2020-07-01","2026-06-01",0,21,"Germany","Kristin","Kögel","Kögel","Kristin Kögel",20660,21010,21010,264922,2110,81,83,"1999-09-21T00:00:00.000Z",24,115996,"Bayer 04 Leverkusen",2215,7,3,"bayer-04-leverkusen",11,2215,"https://cmtracker.fra1.cdn.digitaloceanspaces.com/DB/25/heads/p264922.png",2,2,4,5504,8,"Left",3,4,1,1,,157,54,"Female",,,"Yes","No",36500000,33500000,28500000,3300,3000,2600,"","","85","77","74","78","48","71","LM","-",false,false,false,"kristin-kogel",18,65,63,56,63,79,74,80,80,80,78
78,57,83,82,71,85,65,86,70,69,78,77,77,84,74,80,73,66,55,79,86,77,64,74,77,70,64,69,67,12,14,13,10,14,"71","75","76","72","78","73","13","2019-07-01","2025-06-01",0,4,"Austria","Barbara","Dunst","Dunst","Barbara Dunst",3686,10207,10207,264933,2200,81,82,"1997-09-25T00:00:00.000Z",26,115997,"Eintracht Frankfurt",2215,8,2,"eintracht-frankfurt",28,2215,"https://cmtracker.fra1.cdn.digitaloceanspaces.com/DB/25/heads/p264933.png",6,7,2,7002,7,"Right",4,3,1,0,,168,60,"Female",,,"Yes","No",33000000,30000000,25500000,4100,3800,3200,"Long Ball Pass, Technical, Relentless","Career Team Player","68","70","75","81","71","73","CM","-",false,false,false,"barbara-dunst",20,77,76,73,79,78,81,79,77,78,72
79,75,73,75,89,89,78,83,67,72,51,85,79,86,67,83,84,70,80,66,81,41,75,76,34,36,81,67,70,15,13,7,8,13,"79","37","75","82","77","71","12","2020-07-01","2028-06-01",0,44,"Slovenia","Lara","Prašnikar","Prašnikar","Lara Prašnikar",21361,30530,30530,264939,2148,81,83,"1998-08-08T00:00:00.000Z",25,115997,"Eintracht Frankfurt",2215,8,2,"eintracht-frankfurt",7,2215,"https://cmtracker.fra1.cdn.digitaloceanspaces.com/DB/25/heads/p264939.png",5,5,2,7004,2,"Right",4,4,3,0,,171,64,"Female",,,"Yes","No",35500000,33000000,28000000,4300,3900,3300,"Technical, First Touch","","77","79","72","79","48","81","ST","-",false,false,false,"lara-prasnikar",19,65,62,58,64,80,76,81,81,80,81
66,39,73,74,71,90,80,84,73,70,82,78,83,80,57,79,76,69,54,77,83,82,71,71,80,75,59,70,65,9,14,8,9,6,"66","79","75","77","68","76","10","2016-07-01","2025-06-01",0,37,"Poland","Tanja","Pawollek","Pawollek","Tanja Pawollek",36543,29668,29668,264954,2157,81,84,"1999-01-18T00:00:00.000Z",25,115997,"Eintracht Frankfurt",2215,8,2,"eintracht-frankfurt",31,2215,"https://cmtracker.fra1.cdn.digitaloceanspaces.com/DB/25/heads/p264954.png",5,2,2,5504,8,"Left",3,4,3,0,,170,63,"Female",,,"Yes","No",37000000,34000000,29000000,3900,3600,3100,"Long Ball Pass, Press Proven, Relentless, Aerial","Career Leadership","53","70","73","77","75","79","CM","-",false,false,false,"tanja-pawollek",17,75,74,76,80,74,80,78,75,73,72
77,79,72,83,77,81,67,87,75,79,77,66,74,82,71,74,61,63,69,74,86,86,69,55,77,78,61,72,66,12,11,10,14,8,"70","81","73","70","80","73","11","2025-01-22","2028-06-01",0,4,"Austria","Verena","Hanshaw","Hanshaw","Verena Hanshaw",38635,48078,48078,264955,2193,81,81,"1994-01-20T00:00:00.000Z",30,116014,"West Ham United",2216,4,5,"west-ham-united",29,2216,"https://cmtracker.fra1.cdn.digitaloceanspaces.com/DB/25/heads/p264955.png",5,4,4,10502,7,"Left",3,3,3,2,,170,58,"Female",,,"Yes","No",24000000,22000000,19000000,3600,3300,2800,"Long Ball Pass, Intercept, Long Throw, Aerial","","78","63","73","80","77","75","LB","-",false,false,false,"verena-hanshaw",19,79,79,77,79,76,77,75,74,74,71
74,81,86,77,71,78,65,76,48,78,38,82,84,85,77,82,78,69,59,73,82,42,75,75,42,35,62,80,73,10,9,11,10,12,"72","40","78","73","79","68","11","2020-01-01","2026-06-01",0,37,"Poland","Ewelina","Kamczyk","Kamczyk","Ewelina Kamczyk",11482,19123,19123,264971,2079,81,81,"1996-02-22T00:00:00.000Z",28,116036,"FC Fleury 91",2218,7,6,"fc-fleury-91",8,2218,"https://cmtracker.fra1.cdn.digitaloceanspaces.com/DB/25/heads/p264971.png",5,9,3,7008,7,"Right",3,3,3,0,,165,54,"Female",,,"Yes","No",28500000,26000000,22000000,3400,3100,2600,"Trivela","Career Solid Player","78","74","78","81","43","66","CAM","ST",false,false,false,"ewelina-kamczyk",17,63,60,52,61,80,76,81,80,80,76
84,83,73,51,85,81,81,78,73,71,77,60,73,81,79,78,52,57,80,69,75,75,51,54,79,76,50,72,68,12,7,14,11,9,"68","77","72","71","74","71","11","2024-07-01","2027-06-01",0,13,"Denmark","Sofie","Svava","Svava","Sofie Svava",35181,36052,36052,264980,2119,81,85,"2000-08-11T00:00:00.000Z",23,116033,"Olympique Lyonnais",2218,10,1,"olympique-lyonnais",23,2218,"https://cmtracker.fra1.cdn.digitaloceanspaces.com/DB/25/heads/p264980.png",4,2,2,7037,2,"Left",4,3,1,2,,173,67,"Female",,,"Yes","No",37500000,34500000,29000000,5700,5200,4400,"Rapid","","84","56","71","72","77","80","LB","-",false,false,false,"sofie-svava",17,78,78,77,76,75,73,72,70,73,67
64,52,73,74,77,83,83,85,72,81,79,83,81,83,69,79,76,68,65,78,83,69,81,78,77,64,78,74,72,11,6,8,13,11,"75","70","77","81","70","78","10","2023-07-24","2026-06-01",0,21,"Germany","Chantal","Hagel","Hagel","Chantal Hagel",6991,14726,14726,264986,2230,81,83,"1998-07-20T00:00:00.000Z",25,115998,"VfL Wolfsburg",2215,10,1,"vfl-wolfsburg",7,2215,"https://cmtracker.fra1.cdn.digitaloceanspaces.com/DB/25/heads/p264986.png",6,2,4,7002,2,"Left",3,3,3,0,,172,67,"Female",,,"Yes","No",35000000,32000000,27500000,4500,4200,3500,"Press Proven","","58","78","76","79","71","79","CM","CDM",false,false,false,"chantal-hagel",18,74,73,74,78,77,81,79,78,76,77
82,79,85,81,93,77,82,77,63,78,54,83,74,82,72,76,84,61,81,68,79,40,78,77,54,58,73,71,68,12,13,10,10,11,"78","51","72","82","81","70","12","2024-07-02","2026-06-01",0,21,"Germany","Selina","Cerci","Cerci","Selina Cerci",34040,6842,6842,265025,2186,81,84,"2000-05-31T00:00:00.000Z",24,115999,"TSG 1899 Hoffenheim",2215,8,3,"tsg-1899-hoffenheim",29,2215,"https://cmtracker.fra1.cdn.digitaloceanspaces.com/DB/25/heads/p265025.png",2,4,2,9512,2,"Right",3,4,1,0,,171,63,"Female",,,"Yes","No",39000000,35500000,30500000,3600,3300,2800,"Technical, Flair","Career Injury Prone","81","77","71","80","57","79","ST","-",false,false,false,"selina-cerci",18,68,66,63,66,77,74,78,79,79,80
86,74,83,79,67,81,63,81,68,80,79,79,79,84,63,82,69,72,43,82,84,78,68,77,78,75,63,71,68,12,12,15,8,6,"65","77","79","72","81","76","11","2024-07-03","2027-06-01",0,21,"Germany","Elisa","Senß","Senß","Elisa Senß",10837,34111,34111,265035,2209,81,82,"1997-10-01T00:00:00.000Z",26,115997,"Eintracht Frankfurt",2215,8,2,"eintracht-frankfurt",6,2215,"https://cmtracker.fra1.cdn.digitaloceanspaces.com/DB/25/heads/p265035.png",4,7,5,5502,7,"Right",4,3,1,0,,161,55,"Female",,,"Yes","No",33000000,30000000,25500000,4100,3800,3200,"Tiki Taka, Jockey, Technical, Flair, Trivela","","80","71","75","82","71","70","CM","-",false,false,false,"elisa-sens",17,77,76,72,79,79,81,80,78,78,72
70,77,65,56,84,75,73,77,73,76,80,48,59,78,54,65,42,39,83,76,81,81,61,46,87,83,36,60,39,6,9,7,11,12,"60","84","64","68","69","63","9","2024-07-05","2026-06-01",0,18,"France","Maëlle","Lakrar","Lakrar","Maëlle Lakrar",24865,21232,21232,265849,1969,81,87,"2000-05-27T00:00:00.000Z",24,116326,"Real Madrid",2222,9,1,"real-madrid",23,2222,"https://cmtracker.fra1.cdn.digitaloceanspaces.com/DB/25/heads/p265849.png",5,3,7,7039,1,"Right",2,3,1,0,,172,56,"Female",,,"Yes","No",40500000,37000000,31500000,19500,18000,15000,"Long Ball Pass, Intercept, Aerial","","74","45","62","70","83","76","CB","-",false,false,false,"maelle-lakrar",16,75,77,80,78,67,71,66,64,64,63
83,84,86,80,67,75,54,78,59,78,53,80,79,82,75,83,80,70,54,76,82,51,75,76,52,41,72,78,67,12,14,5,5,7,"73","48","78","70","83","70","9","2024-12-17","2027-06-01",0,18,"France","Julie","Dufour","Dufour","Julie Dufour",18619,10148,10148,265860,2113,81,87,"2001-05-29T00:00:00.000Z",23,116311,"Angel City FC",2221,4,4,"angel-city-fc",7,2221,"https://cmtracker.fra1.cdn.digitaloceanspaces.com/DB/25/heads/p265860.png",5,9,2,5500,7,"Right",4,3,3,1,,163,56,"Female",,,"Yes","No",44500000,40500000,34500000,8200,7500,6400,"Technical, Flair, Quick Step, Relentless","Career Solid Player","84","75","77","81","50","64","LM","RM",false,false,false,"julie-dufour",16,67,64,56,65,80,76,80,80,80,75
72,73,80,83,62,80,53,78,53,80,57,80,80,85,75,80,85,71,52,78,83,53,68,81,56,41,66,74,65,14,8,14,13,10,"73","50","78","69","78","70","12","2024-07-16","2026-06-01",0,18,"France","Maëlle","Garbino","Garbino","Maëlle Garbino",24865,13046,13046,265861,2103,81,81,"1996-08-09T00:00:00.000Z",27,116035,"Paris FC",2218,8,4,"paris-fc",21,2218,"https://cmtracker.fra1.cdn.digitaloceanspaces.com/DB/25/heads/p265861.png",19,10,2,7009,7,"Left",4,3,1,1,,162,54,"Female",,,"Yes","No",30000000,27500000,23500000,5100,4700,4000,"Tiki Taka, Technical, Flair, First Touch, Relentless","","73","74","77","81","52","62","RM","-",false,false,false,"maelle-garbino",18,68,64,57,67,79,78,80,79,79,75
78,74,68,70,79,90,75,80,80,82,80,74,80,84,64,80,68,50,65,82,84,79,78,70,82,76,59,65,57,14,10,12,13,13,"68","79","73","79","74","76","13","2022-07-06","2026-06-01",0,54,"Brazil","Éderson José","dos Santos","Éderson","Éderson",41749,41501,41748,266866,2215,81,85,"1999-07-07T00:00:00.000Z",24,115845,"Atalanta",31,7,3,"atalanta",13,31,"https://cmtracker.fra1.cdn.digitaloceanspaces.com/DB/25/heads/p266866.png",0,9,8,1508,2,"Right",3,3,3,0,,182,86,"Male",,,"No","No",40000000,36500000,31000000,70000,65000,55000,"Incisive Pass, Jockey, Intercept, Anticipate, Technical, Relentless","","76","68","71","77","76","81","CM","CAM",false,false,false,"ederson-jose-dos-santos",19,79,78,78,81,78,81,78,77,76,74
41,43,57,44,63,39,67,75,27,39,9,18,37,22,12,13,25,10,8,28,29,13,56,15,15,12,7,11,27,81,79,74,84,80,"17","14","17","48","52","27","80","2020-06-27","2025-06-01",0,95,"United States","Bella","Bixby","Bixby","Bella Bixby",4150,4752,4752,267215,1260,81,83,"1995-11-20T00:00:00.000Z",28,116302,"Portland Thorns FC",2221,9,3,"portland-thorns-fc",1,2221,"https://cmtracker.fra1.cdn.digitaloceanspaces.com/DB/25/heads/p267215.png",2,2,1,7006,2,"Right",1,2,3,1,,183,70,"Female",,,"Yes","No",24000000,22000000,18500000,8000,7300,6200,"Footwork","Far Reach","42","25","21","42","11","49","GK","-",false,false,false,"bella-bixby",79,25,24,24,26,28,29,29,30,28,31
71,74,74,80,78,83,77,80,68,78,82,79,83,80,77,75,68,72,66,81,84,74,79,76,81,77,59,77,62,14,13,11,9,6,"71","78","77","79","76","76","11","2022-01-07","2025-06-01",0,95,"United States","Sam","Coffey","Coffey","Sam Coffey",33215,7681,7681,267217,2248,81,82,"1998-12-31T00:00:00.000Z",25,116302,"Portland Thorns FC",2221,9,3,"portland-thorns-fc",17,2221,"https://cmtracker.fra1.cdn.digitaloceanspaces.com/DB/25/heads/p267217.png",6,5,2,9501,8,"Right",3,3,2,0,,164,60,"Female",,,"Yes","No",33500000,30500000,26000000,11500,11000,9200,"Incisive Pass, Tiki Taka, Block, Intercept, Anticipate","Career Team Player","73","71","79","78","76","77","CM","CDM",false,false,false,"sam-coffey",18,78,78,76,79,78,80,78,77,76,74
68,67,72,55,83,71,84,83,83,64,81,49,55,79,77,65,37,38,75,70,78,85,51,44,85,81,35,58,41,8,14,10,14,11,"61","84","62","67","69","63","12","2025-01-13","2026-06-01",0,95,"United States","Tatumn","Milazzo","Milazzo","Tatumn Milazzo",36641,25633,25633,267272,1971,81,81,"1998-04-17T00:00:00.000Z",26,131478,"Utah Royals",2221,3,7,"utah-royals",2,2221,"https://cmtracker.fra1.cdn.digitaloceanspaces.com/DB/25/heads/p267272.png",3,1,4,10501,7,"Right",2,4,3,2,,170,58,"Female",,,"Yes","No",28000000,25500000,21500000,7300,6700,5700,"Bruiser","","68","43","63","70","81","80","LB","RB",false,false,false,"tatumn-milazzo",19,77,78,81,78,67,69,65,62,65,60
83,84,80,90,77,94,71,78,77,79,82,81,80,83,74,77,79,67,57,78,82,69,78,74,78,67,81,77,81,15,9,14,8,9,"75","72","77","79","83","80","11","2021-01-31","2025-06-01",0,95,"United States","Lo'eau","LaBonta","LaBonta","Lo'eau LaBonta",22379,21130,21130,267336,2313,81,81,"1993-03-18T00:00:00.000Z",31,116309,"Kansas City Current",2221,5,4,"kansas-city-current",10,2221,"https://cmtracker.fra1.cdn.digitaloceanspaces.com/DB/25/heads/p267336.png",3,5,4,7010,8,"Right",3,3,3,0,,155,55,"Female",,,"Yes","No",23000000,21000000,18000000,12000,11000,9400,"Anticipate, Flair, Press Proven, Relentless","Career Leadership","84","79","76","81","71","80","CM","CDM",false,false,false,"lo-eau-labonta",17,79,77,73,78,80,80,80,79,79,77
85,82,86,84,68,76,68,77,61,83,59,75,78,85,73,89,72,67,41,74,80,52,84,79,60,52,61,81,70,9,12,7,13,5,"66","55","80","75","83","71","10","2024-08-17","2029-06-01",0,18,"France","Désiré","Doué","D.Doué","Désiré Doué",10329,9991,8382,271421,2148,81,90,"2005-06-03T00:00:00.000Z",19,73,"Paris Saint-Germain",16,10,1,"paris-saint-germain",14,16,"https://cmtracker.fra1.cdn.digitaloceanspaces.com/DB/25/heads/p271421.png",6,3,6,1036,2,"Right",5,3,1,0,,181,79,"Male",,,"Yes","No",60500000,55500000,47500000,74000,68000,57000,"Technical, Flair, First Touch, Trickster, Quick Step","","84","74","76","84","53","68","LW","RW | CM",false,false,false,"desire-doue",17,70,67,60,68,80,77,80,79,80,74
76,77,73,74,85,89,81,80,56,77,81,76,80,81,69,80,69,70,72,79,84,81,72,75,81,61,63,66,61,9,6,14,7,9,"72","75","76","81","76","72","9","2022-07-05","2025-06-01",0,45,"Spain","Paula","Fernández Jiménez","P. Fernández","Paula Fernández",29591,12042,29065,272007,2214,81,85,"1999-07-01T00:00:00.000Z",25,116333,"Levante UD",2222,8,3,"levante-ud",6,2222,"https://cmtracker.fra1.cdn.digitaloceanspaces.com/DB/25/heads/p272007.png",0,4,5,9003,9,"Right",3,3,3,0,,167,62,"Female",,,"Yes","No",39000000,35500000,30500000,20500,19000,16000,"Tiki Taka, Anticipate, First Touch, Press Proven, Relentless","","77","69","75","78","75","78","CM","CDM",false,false,false,"paula-fernandez-jimenez",16,77,77,76,79,78,80,78,77,77,75
79,80,76,74,86,82,80,84,75,81,84,66,70,80,71,81,41,42,75,72,79,80,61,58,79,78,37,53,49,6,10,7,9,10,"61","79","66","74","79","71","9","2024-07-09","2025-06-01",0,54,"Brazil","Antônia","da Costa Silva","Antonia S.","Antônia Silva",2390,41371,48406,272009,2095,81,81,"1994-04-26T00:00:00.000Z",30,116326,"Real Madrid",2222,9,1,"real-madrid",5,2222,"https://cmtracker.fra1.cdn.digitaloceanspaces.com/DB/25/heads/p272009.png",0,9,4,7010,8,"Right",4,3,3,2,,170,64,"Female",,,"Yes","No",24000000,22000000,19000000,23500,21500,18500,"","","80","52","65","79","79","81","RB","-",false,false,false,"antonia-da-costa-silva",16,79,79,79,79,74,75,73,71,72,67
72,75,81,75,75,78,75,82,70,82,57,82,80,82,78,82,75,73,60,79,84,60,72,77,66,55,75,70,65,10,10,12,12,8,"75","61","78","76","77","73","11","2024-07-01","2026-06-01",0,56,"Colombia","Leicy","Santos","Santos","Leicy Santos",48416,33497,33497,272115,2189,81,81,"1996-05-16T00:00:00.000Z",28,116304,"Washington Spirit",2221,8,2,"washington-spirit",10,2221,"https://cmtracker.fra1.cdn.digitaloceanspaces.com/DB/25/heads/p272115.png",3,3,5,7005,8,"Right",4,4,3,0,,155,61,"Female",,,"Yes","No",28500000,26000000,22000000,14500,13500,11500,"Finesse Shot, Incisive Pass, Tiki Taka, Flair, Press Proven","","74","74","77","81","60","75","CAM","CM",false,false,false,"leicy-santos",18,71,69,66,72,79,79,80,79,79,76
83,78,65,63,85,70,90,81,80,79,81,40,62,72,53,68,33,56,75,75,74,81,72,60,81,82,35,57,52,14,9,14,13,12,"54","82","66","76","74","66","13","2023-08-31","2029-06-01",0,54,"Brazil","Murillo","Costa dos Santos","Murillo","Murillo",26611,7943,26611,278016,2045,81,86,"2002-07-04T00:00:00.000Z",21,14,"Nottingham Forest",13,2,1,"nottingham-forest",5,13,"https://cmtracker.fra1.cdn.digitaloceanspaces.com/DB/25/heads/p278016.png",0,3,5,1039,3,"Left",2,3,3,0,,180,75,"Male",,,"Yes","No",39000000,36000000,30500000,59000,54000,45500,"Long Ball Pass, Block, Bruiser","","81","49","63","71","80","81","CB","-",false,false,false,"murillo-costa-dos-santos",19,74,76,80,77,65,69,65,63,63,62
69,73,65,62,85,68,77,82,78,80,84,51,74,79,31,73,41,33,81,84,83,82,51,35,83,81,41,22,41,10,6,14,14,7,"56","82","59","64","71","68","11","2023-07-01","2029-06-01",0,45,"Spain","Pau","Cubarsí Paredes","Cubarsí","Pau Cubarsí",29570,8116,8115,278046,1940,81,89,"2007-01-22T00:00:00.000Z",17,241,"FC Barcelona",53,10,8,"fc-barcelona",2,53,"https://cmtracker.fra1.cdn.digitaloceanspaces.com/DB/25/heads/p278046.png",3,5,4,1551,1,"Right",2,4,3,0,,182,75,"Male",,,"Yes","No",54000000,49500000,42000000,63000,58000,49000,"Long Ball Pass","","71","43","55","74","82","77","CB","-",false,false,false,"pau-cubarsi-paredes",17,73,75,81,80,67,75,70,66,64,63